TS_PCODE,ST_PCODE,ST,DT_PCODE,DT,TS,Total,Electricity,Kerosene,Candle,Battery,Generator (private),Water mill (private),Solar system/energy,Other,Prop_Electricity,Prop_Kerosene,Prop_Candle,Prop_Battery,Prop_Generator_Private,Prop_Water_Mill_Private,Prop_Solar_System_Energy,Prop_Other
MMR001001,MMR001,Kachin,MMR001D001,Myitkyina,Myitkyina,52591,26777,102,11498,2020,3591,2220,6041,342,0.509155558936,0.00193949535092,0.218630564165,0.0384096138122,0.0682816451484,0.0422125458729,0.114867562891,0.00650301382366
MMR001002,MMR001,Kachin,MMR001D001,Myitkyina,Waingmaw,22860,2728,128,9604,739,1426,2580,5506,149,0.119335083115,0.00559930008749,0.420122484689,0.0323272090989,0.0623797025372,0.112860892388,0.240857392826,0.00651793525809
MMR001003,MMR001,Kachin,MMR001D001,Myitkyina,Injangyang,285,47,1,164,1,4,3,64,1,0.164912280702,0.00350877192982,0.575438596491,0.00350877192982,0.0140350877193,0.0105263157895,0.224561403509,0.00350877192982
MMR001004,MMR001,Kachin,MMR001D001,Myitkyina,Tanai,8528,1397,29,3487,467,1480,33,1615,20,0.163813320826,0.00340056285178,0.40888836773,0.0547607879925,0.173545966229,0.00386960600375,0.189376172608,0.00234521575985
MMR001005,MMR001,Kachin,MMR001D001,Myitkyina,Chipwi,3306,1117,4,1261,6,8,653,8,249,0.337870538415,0.00120992135511,0.381427707199,0.00181488203267,0.00241984271022,0.197519661222,0.00241984271022,0.0753176043557
MMR001006,MMR001,Kachin,MMR001D001,Myitkyina,Tsawlaw,1073,152,8,232,2,32,531,11,105,0.14165890028,0.00745573159366,0.216216216216,0.00186393289842,0.0298229263747,0.494874184529,0.0102516309413,0.0978564771668
MMR001007,MMR001,Kachin,MMR001D002,Mohnyin,Mohnyin,39622,11877,155,10618,1998,5662,668,8330,314,0.299757710363,0.00391196809853,0.267982434001,0.0504265307153,0.142900408864,0.0168593205795,0.210236737166,0.00792489021251
MMR001008,MMR001,Kachin,MMR001D002,Mohnyin,Mogaung,24898,10817,33,7050,519,2600,418,3361,100,0.434452566471,0.00132540766327,0.283155273516,0.020845047795,0.104426058318,0.016788497068,0.13499076231,0.00401638685838
MMR001009,MMR001,Kachin,MMR001D002,Mohnyin,Hpakant,36632,5346,60,7530,1129,16254,532,5567,214,0.145937977724,0.00163791220791,0.205557982092,0.0308200480454,0.443710417122,0.0145228215768,0.151970954357,0.00584188687486
MMR001010,MMR001,Kachin,MMR001D003,Bhamo,Bhamo,24161,9917,71,8280,595,1008,40,4183,67,0.410454865279,0.00293862009023,0.342701047142,0.0246264641364,0.0417201274782,0.00165556061421,0.173130251231,0.00277306402881
MMR001011,MMR001,Kachin,MMR001D003,Bhamo,Shwegu,16621,3571,60,6678,761,1020,19,4366,146,0.214848685398,0.00360989110162,0.40178087961,0.0457854521389,0.0613681487275,0.00114313218218,0.262679742494,0.00878406834727
MMR001012,MMR001,Kachin,MMR001D003,Bhamo,Momauk,12370,3474,38,4368,171,339,457,3498,25,0.280840743735,0.00307194826192,0.353112368634,0.0138237671787,0.0274050121261,0.0369442198868,0.282780921584,0.00202101859337
MMR001013,MMR001,Kachin,MMR001D003,Bhamo,Mansi,10554,2645,80,4266,269,413,857,2020,4,0.250615880235,0.00758006443055,0.404206935759,0.0254879666477,0.0391320826227,0.0812014402122,0.191396626871,0.000379003221527
MMR001014,MMR001,Kachin,MMR001D004,Puta-O,Puta-O,10743,982,20,4464,1933,133,617,2504,90,0.0914083589314,0.00186167737131,0.415526389277,0.179931117937,0.0123801545192,0.057432746905,0.233082006888,0.0083775481709
MMR001015,MMR001,Kachin,MMR001D004,Puta-O,Sumprabum,479,120,1,262,29,0,3,57,7,0.250521920668,0.00208768267223,0.546972860125,0.0605427974948,0.0,0.0062630480167,0.118997912317,0.0146137787056
MMR001016,MMR001,Kachin,MMR001D004,Puta-O,Machanbaw,1719,298,1,659,328,1,94,320,18,0.173356602676,0.000581733566027,0.383362420012,0.190808609657,0.000581733566027,0.0546829552065,0.186154741129,0.0104712041885
MMR001018,MMR001,Kachin,MMR001D004,Puta-O,Khaunglanhpu,1711,146,0,1289,39,1,69,2,165,0.0853302162478,0.0,0.753360607832,0.0227936879018,0.000584453535944,0.0403272939801,0.00116890707189,0.0964348334307
MMR001017,MMR001,Kachin,MMR001D004,Puta-O,Nawngmun,1212,179,1,677,80,4,98,161,12,0.147689768977,0.000825082508251,0.558580858086,0.0660066006601,0.003300330033,0.0808580858086,0.132838283828,0.00990099009901
MMR002001,MMR002,Kayah,MMR002D001,Loikaw,Loikaw,26495,17924,234,3856,569,70,450,3199,193,0.676505000944,0.00883185506699,0.145536893754,0.0214757501415,0.00264200792602,0.0169843366673,0.120739762219,0.00728439328175
MMR002002,MMR002,Kayah,MMR002D001,Loikaw,Demoso,15347,5977,1370,2940,598,107,6,4161,188,0.38945722291,0.0892682608979,0.191568384701,0.0389652700854,0.00697204665407,0.000390955887144,0.271127907734,0.0122499511305
MMR002003,MMR002,Kayah,MMR002D001,Loikaw,Hpruso,5910,1237,1257,1510,203,50,21,923,709,0.209306260575,0.21269035533,0.255499153976,0.0343485617597,0.00846023688663,0.00355329949239,0.156175972927,0.119966159052
MMR002004,MMR002,Kayah,MMR002D001,Loikaw,Shadaw,1406,335,74,537,66,2,0,274,118,0.23826458037,0.0526315789474,0.381934566145,0.0469416785206,0.00142247510669,0.0,0.194879089616,0.0839260312945
MMR002005,MMR002,Kayah,MMR002D002,Bawlake,Bawlakhe,2081,941,73,869,25,16,4,142,11,0.452186448823,0.0350792888035,0.417587698222,0.0120134550697,0.00768861124459,0.00192215281115,0.0682364247958,0.00528592023066
MMR002006,MMR002,Kayah,MMR002D002,Bawlake,Hpasawng,4733,1210,89,1196,414,463,67,1119,175,0.255651806465,0.0188041411367,0.25269385168,0.0874709486584,0.0978237904078,0.0141559264737,0.236425100359,0.0369744348194
MMR002007,MMR002,Kayah,MMR002D002,Bawlake,Mese,1302,207,43,471,168,88,1,253,71,0.158986175115,0.0330261136713,0.361751152074,0.129032258065,0.0675883256528,0.000768049155146,0.194316436252,0.0545314900154
MMR003001,MMR003,Kayin,MMR003D001,Hpa-An,Hpa-An,89197,34033,3800,40021,1022,5065,1357,3688,211,0.381548706795,0.0426023296748,0.448681009451,0.0114577844546,0.0567844210007,0.0152135161496,0.0413466820633,0.00236555041089
MMR003002,MMR003,Kayin,MMR003D001,Hpa-An,Hlaingbwe,53120,4479,4827,35442,406,3639,113,4086,128,0.0843185240964,0.0908697289157,0.667206325301,0.00764307228916,0.0685052710843,0.00212725903614,0.0769201807229,0.00240963855422
MMR003004,MMR003,Kayin,MMR003D001,Hpa-An,Thandaunggyi,19140,3569,3241,5670,1245,118,1088,3981,228,0.186468129572,0.169331243469,0.296238244514,0.0650470219436,0.00616509926855,0.0568443051202,0.207993730408,0.0119122257053
MMR003003,MMR003,Kayin,MMR003D004,Hpapun,Hpapun,6502,675,919,1967,293,1823,51,750,24,0.103814211012,0.141341125807,0.302522300831,0.0450630575208,0.280375269148,0.00784374038757,0.115349123347,0.00369117194709
MMR003005,MMR003,Kayin,MMR003D002,Myawaddy,Myawaddy,44016,26298,2175,10429,368,3687,119,770,170,0.597464558342,0.0494138495093,0.236936568521,0.00836059614686,0.0837649945474,0.00270356234097,0.0174936386768,0.00386223191567
MMR003006,MMR003,Kayin,MMR003D003,Kawkareik,Kawkareik,45498,6487,5429,22690,1730,6349,125,2477,211,0.142577695723,0.119323926326,0.498703239703,0.0380236493912,0.139544595367,0.00274737351092,0.0544419534925,0.00463756648644
MMR003007,MMR003,Kayin,MMR003D003,Kawkareik,Kyainseikgyi,50568,7264,11514,23131,859,4881,302,2294,323,0.143648156937,0.227693402943,0.457423667141,0.0169870273691,0.0965234931182,0.00597215630438,0.0453646574909,0.00638743869641
MMR004002,MMR004,Chin,MMR004D003,Hakha,Hakha,9917,1781,63,2187,387,2287,1848,1055,309,0.179590601997,0.00635272763941,0.220530402339,0.0390238983564,0.230614097005,0.186346677423,0.106382978723,0.0311586165171
MMR004003,MMR004,Chin,MMR004D003,Hakha,Thantlang,9782,2432,970,894,990,223,2330,1613,330,0.248619914128,0.0991617256185,0.091392353302,0.101206297281,0.0227969740339,0.238192598651,0.164894704559,0.0337354324269
MMR004001,MMR004,Chin,MMR004D001,Falam,Falam,9626,3245,328,2094,434,52,1135,1885,453,0.337107832952,0.0340743818824,0.217535840432,0.0450862248078,0.00540203615209,0.11790982755,0.195823810513,0.0470600457095
MMR004004,MMR004,Chin,MMR004D001,Falam,Tedim,14683,2766,1221,1721,1293,283,3921,2890,588,0.188381121024,0.0831573929034,0.11721037935,0.0880610229517,0.019273990329,0.267043519717,0.196826261663,0.0400463120616
MMR004005,MMR004,Chin,MMR004D001,Falam,Tonzang,4941,619,637,720,1039,7,418,1173,328,0.125278283748,0.128921270998,0.145719489982,0.210281319571,0.00141671726371,0.0845982594616,0.237401335762,0.0663833232139
MMR004006,MMR004,Chin,MMR004D002,Mindat,Mindat,8522,353,7,3195,320,106,286,943,3312,0.0414222013612,0.000821403426426,0.37491199249,0.0375498709223,0.012438394743,0.0335601971368,0.110654775874,0.388641164046
MMR004007,MMR004,Chin,MMR004D002,Mindat,Matupi,10157,1384,705,3752,1263,17,875,1362,799,0.136260706902,0.0694102589347,0.369400413508,0.124347740475,0.00167372255587,0.0861474844935,0.134094713006,0.078664960126
MMR004008,MMR004,Chin,MMR004D002,Mindat,Kanpetlet,3977,482,15,1460,251,9,121,452,1187,0.121196882072,0.00377168720141,0.367110887604,0.0631128991702,0.00226301232084,0.0304249434247,0.113653507669,0.298466180538
MMR004009,MMR004,Chin,MMR004D002,Mindat,Paletwa,19516,1012,1447,10740,2302,284,17,3290,424,0.0518548882968,0.0741442918631,0.550317688051,0.117954498873,0.0145521623283,0.000871080139373,0.168579626973,0.0217257634761
MMR005001,MMR005,Sagaing,MMR005D001,Sagaing,Sagaing,65143,36646,108,6162,12142,5707,60,2138,2180,0.562547011958,0.00165789110112,0.0945918978248,0.186389942127,0.0876072640192,0.000921050611731,0.0328201034647,0.0334648388929
MMR005002,MMR005,Sagaing,MMR005D001,Sagaing,Myinmu,25304,6880,68,1714,8615,3959,61,2200,1807,0.271893771736,0.0026873221625,0.0677363262725,0.340460006323,0.156457477079,0.00241068605754,0.0869427758457,0.0714116345242
MMR005003,MMR005,Sagaing,MMR005D001,Sagaing,Myaung,24262,2441,37,1788,9519,6757,63,2490,1167,0.100610007419,0.00152501854752,0.0736954908911,0.392341933888,0.278501360152,0.00259665320254,0.102629626577,0.0480999093232
MMR005004,MMR005,Sagaing,MMR005D002,Shwebo,Shwebo,57297,25751,74,7352,14442,5142,231,2536,1769,0.449430162138,0.00129151613523,0.128313873327,0.252055081418,0.0897429184774,0.00403162469239,0.0442606070126,0.0308742168002
MMR005005,MMR005,Sagaing,MMR005D002,Shwebo,Khin-U,32624,3917,77,5539,11563,4876,49,4476,2127,0.120064982835,0.00236022560078,0.169782981854,0.354432319765,0.149460519863,0.00150196174595,0.137199607651,0.0651974006866
MMR005006,MMR005,Sagaing,MMR005D002,Shwebo,Wetlet,46712,5355,199,8053,16280,8843,65,4745,3172,0.114638636753,0.00426014728549,0.172396814523,0.348518581949,0.189308957013,0.00139150539476,0.101579893817,0.0679054632643
MMR005007,MMR005,Sagaing,MMR005D002,Shwebo,Kanbalu,61326,11893,415,14241,17022,6035,51,7779,3890,0.193930796073,0.00676711345922,0.232217982585,0.27756579591,0.0984085053648,0.000831621172097,0.126846688191,0.0634314972442
MMR005008,MMR005,Sagaing,MMR005D002,Shwebo,Kyunhla,20863,5750,69,5717,2044,5411,8,1699,165,0.27560753487,0.00330729041844,0.274025787279,0.0979724871783,0.259358673249,0.000383453961559,0.081436035086,0.00790873795715
MMR005009,MMR005,Sagaing,MMR005D002,Shwebo,Ye-U,26373,4325,86,4535,7246,5528,113,3087,1453,0.163993478178,0.00326091077996,0.171956167292,0.274750691996,0.209608311531,0.0042846850946,0.117051529974,0.0550942251545
MMR005010,MMR005,Sagaing,MMR005D002,Shwebo,Tabayin,30345,2636,66,4467,12187,4790,140,2657,3402,0.0868676882518,0.00217498764212,0.147207118141,0.401614763552,0.157851375844,0.00461361014994,0.0875597297743,0.112110726644
MMR005011,MMR005,Sagaing,MMR005D002,Shwebo,Taze,35937,4829,267,13250,6750,4650,371,4788,1032,0.134374043465,0.00742966858669,0.368700781924,0.187828700225,0.1293931046,0.0103236218939,0.133233158027,0.0287169212789
MMR005012,MMR005,Sagaing,MMR005D003,Monywa,Monywa,75962,51104,70,3499,13239,3028,101,2209,2712,0.672757431347,0.000921513388273,0.0460625049367,0.174284510676,0.0398620362813,0.00132961217451,0.0290803296385,0.0357020615571
MMR005013,MMR005,Sagaing,MMR005D003,Monywa,Budalin,28616,4907,38,2973,8724,4576,26,2525,4847,0.171477495108,0.00132792843165,0.103892927034,0.304864411518,0.159910539558,0.000908582611127,0.0882373497344,0.169380766005
MMR005014,MMR005,Sagaing,MMR005D003,Monywa,Ayadaw,35591,3151,137,2798,14543,6654,84,4284,3940,0.0885336180495,0.00384928774128,0.0786153802928,0.408614537383,0.186957376865,0.00236014722823,0.12036750864,0.1107021438
MMR005015,MMR005,Sagaing,MMR005D003,Monywa,Chaung-U,23376,6731,69,975,9110,3668,38,1574,1211,0.287944900753,0.00295174537988,0.0417094455852,0.389715947981,0.156913073238,0.00162559890486,0.067334017796,0.0518052703628
MMR005020,MMR005,Sagaing,MMR005D004,Katha,Katha,31961,6520,475,5969,7375,2870,36,8050,666,0.203998623322,0.0148618628954,0.186758862364,0.230749976534,0.0897969400207,0.00112637276681,0.251869465912,0.020837896186
MMR005021,MMR005,Sagaing,MMR005D004,Katha,Indaw,23230,9420,462,6414,828,1925,22,4110,49,0.405510116229,0.0198880757641,0.276108480413,0.0356435643564,0.0828669823504,0.000947051226862,0.176926388291,0.00210934136892
MMR005022,MMR005,Sagaing,MMR005D004,Katha,Tigyaing,26389,4922,135,3284,6255,3777,46,7116,854,0.186517109402,0.00511576793361,0.124445791807,0.237030580924,0.143127818409,0.00174315055516,0.269657811967,0.0323619690022
MMR005023,MMR005,Sagaing,MMR005D004,Katha,Banmauk,18868,1659,976,5075,1928,4262,447,4300,221,0.0879266482934,0.0517277930888,0.268973924104,0.102183591266,0.22588509646,0.0236909052364,0.227899088404,0.0117129531482
MMR005024,MMR005,Sagaing,MMR005D004,Katha,Kawlin,31403,14807,520,4568,2328,5089,44,3668,379,0.471515460306,0.016558927491,0.14546380919,0.0741330446136,0.162054580773,0.00140114001847,0.116804126994,0.0120689106136
MMR005025,MMR005,Sagaing,MMR005D004,Katha,Wuntho,14205,5347,492,2796,704,1891,995,1924,56,0.376416754664,0.0346356916579,0.196832101373,0.0495600140795,0.133122140092,0.0700457585357,0.135445265751,0.00394227384724
MMR005026,MMR005,Sagaing,MMR005D004,Katha,Pinlebu,21900,2017,1837,5274,1888,4266,462,6008,148,0.092100456621,0.0838812785388,0.240821917808,0.0862100456621,0.194794520548,0.021095890411,0.274337899543,0.00675799086758
MMR005027,MMR005,Sagaing,MMR005D005,Kale,Kale,72769,4311,672,7481,11003,32710,2303,11691,2598,0.0592422597535,0.00923470158996,0.102804765766,0.15120449642,0.449504596738,0.0316480919073,0.160659071858,0.0357020159683
MMR005028,MMR005,Sagaing,MMR005D005,Kale,Kalewa,11735,1973,354,1353,2469,4323,120,799,344,0.168129527056,0.0301661695782,0.11529612271,0.210396250533,0.368385172561,0.010225820196,0.0680869194717,0.0293140178952
MMR005029,MMR005,Sagaing,MMR005D005,Kale,Mingin,22058,953,80,3253,9635,5231,40,1610,1256,0.0432042796264,0.00362680206728,0.147474839061,0.436802973978,0.237147520174,0.00181340103364,0.072989391604,0.0569407924563
MMR005030,MMR005,Sagaing,MMR005D006,Tamu,Tamu,22591,3551,614,2587,3570,6047,1799,4202,221,0.157186490195,0.0271789650746,0.11451462972,0.158027533088,0.267672967111,0.0796334823602,0.186003275641,0.00978265681023
MMR005031,MMR005,Sagaing,MMR005D007,Mawlaik,Mawlaik,10345,1258,82,1547,3734,1678,28,1651,367,0.121604639923,0.00792653455776,0.149540840986,0.360947317545,0.162203963267,0.00270662155631,0.159594006767,0.0354760753987
MMR005032,MMR005,Sagaing,MMR005D007,Mawlaik,Paungbyin,20246,1757,381,4072,7002,3828,43,2323,840,0.0867825743357,0.0188185320557,0.201126148375,0.345846093055,0.189074385064,0.00212387632125,0.11473871382,0.0414896769732
MMR005033,MMR005,Sagaing,MMR005D008,Hkamti,Hkamti,7361,1603,22,2810,400,979,72,1202,273,0.21776932482,0.0029887243581,0.381741611194,0.0543404428746,0.132998233936,0.00978127971743,0.163293030838,0.0370873522619
MMR005034,MMR005,Sagaing,MMR005D008,Hkamti,Homalin,35743,3671,266,18029,2670,6443,70,4025,569,0.102705424838,0.00744201661864,0.504406457208,0.0746999412472,0.180259071706,0.00195842542596,0.112609461993,0.0159192009624
MMR005035,MMR005,Sagaing,MMR005D008,Hkamti,Lay Shi,1966,316,20,887,134,25,1,387,196,0.160732451679,0.0101729399797,0.451169888098,0.0681586978637,0.0127161749746,0.000508646998983,0.196846388606,0.0996948118006
MMR005036,MMR005,Sagaing,MMR005D008,Hkamti,Lahe,8932,346,67,1799,521,225,505,2210,3259,0.038737124944,0.00750111957009,0.201410658307,0.058329601433,0.0251903269145,0.0565382892969,0.247424988804,0.36486789073
MMR005037,MMR005,Sagaing,MMR005D008,Hkamti,Nanyun,7840,328,111,3309,305,53,211,2262,1261,0.0418367346939,0.0141581632653,0.422066326531,0.0389030612245,0.00676020408163,0.0269132653061,0.288520408163,0.160841836735
MMR005016,MMR005,Sagaing,MMR005D009,Yinmabin,Yinmabin,29532,4131,35,1241,13304,4508,43,3635,2635,0.139882161723,0.00118515508601,0.0420222131925,0.450494378979,0.152647975078,0.0014560476771,0.123086821075,0.0892252471895
MMR005018,MMR005,Sagaing,MMR005D009,Yinmabin,Salingyi,26467,12009,64,1041,8419,1200,20,1752,1962,0.453734839612,0.00241810556542,0.0393319983376,0.318094230551,0.0453394793516,0.000755657989194,0.0661956398534,0.0741300487399
MMR005019,MMR005,Sagaing,MMR005D009,Yinmabin,Pale,32362,6194,32,3429,12668,2574,16,4133,3316,0.191397317842,0.000988814041159,0.105957604598,0.391446758544,0.0795377294358,0.00049440702058,0.127711513503,0.102465855015
MMR005017,MMR005,Sagaing,MMR005D009,Yinmabin,Kani,29223,1722,83,3353,9990,7355,50,3760,2910,0.0589261882764,0.00284022858707,0.114738390993,0.341854019095,0.25168531636,0.00171098107655,0.128665776957,0.0995790986552
MMR006001,MMR006,Tanintharyi,MMR006D001,Dawei,Dawei,29133,1271,2842,3472,286,18910,320,1246,786,0.0436275014588,0.0975526035767,0.119177564961,0.00981704596162,0.649092094875,0.0109841073696,0.0427693680706,0.0269797137267
MMR006002,MMR006,Tanintharyi,MMR006D001,Dawei,Launglon,25735,1993,3909,4984,157,14131,256,267,38,0.0774431707791,0.151894307364,0.193666213328,0.00610064115018,0.549096561104,0.00994754225763,0.010374975714,0.00147658830387
MMR006003,MMR006,Tanintharyi,MMR006D001,Dawei,Thayetchaung,22874,552,6450,3301,214,11128,124,1072,33,0.0241322025007,0.281979540089,0.144312319664,0.00935560024482,0.486491212731,0.00542100201102,0.0468654367404,0.00144268601906
MMR006004,MMR006,Tanintharyi,MMR006D001,Dawei,Yebyu,26350,841,5597,7592,209,10012,125,1538,436,0.0319165085389,0.212409867173,0.288121442125,0.00793168880455,0.379962049336,0.00474383301708,0.0583681214421,0.0165464895636
MMR006005,MMR006,Tanintharyi,MMR006D002,Myeik,Myeik,54349,5721,6406,10524,204,29918,666,786,124,0.105264126295,0.117867854054,0.193637417432,0.00375351892399,0.550479309647,0.0122541353107,0.0144620876189,0.0022815507185
MMR006006,MMR006,Tanintharyi,MMR006D002,Myeik,Kyunsu,32988,3710,8640,10165,301,9435,143,235,359,0.112465138838,0.261913423063,0.308142354796,0.00912453013217,0.286013095671,0.00433490966412,0.00712380259488,0.0108827452407
MMR006007,MMR006,Tanintharyi,MMR006D002,Myeik,Palaw,25653,4866,6764,5268,107,7985,83,530,50,0.18968541691,0.263672864772,0.205356098702,0.00417105211866,0.311269637079,0.00323548902662,0.0206603516158,0.00194908977508
MMR006008,MMR006,Tanintharyi,MMR006D002,Myeik,Tanintharyi,19929,1214,7062,5491,105,5087,147,718,105,0.0609162526971,0.354357970796,0.275528124843,0.00526870389884,0.255256159366,0.00737618545838,0.0360278990416,0.00526870389884
MMR006009,MMR006,Tanintharyi,MMR006D003,Kawthoung,Kawthoung,30346,1779,829,6729,422,19613,292,437,245,0.0586238713504,0.0273182627035,0.221742569037,0.0139062808937,0.646312528834,0.0096223554999,0.0144005799776,0.00807355170368
MMR006010,MMR006,Tanintharyi,MMR006D003,Kawthoung,Bokpyin,15742,807,1775,4551,190,7605,84,442,288,0.0512641341634,0.112755685428,0.289099225003,0.0120696226655,0.483102528268,0.00533604370474,0.0280777537797,0.0182950069877
MMR007001,MMR111,Bago,MMR007D001,Bago,Bago,107132,56712,2700,15746,26494,3180,29,1729,542,0.529365642385,0.0252025538588,0.146977560393,0.247302393309,0.0296830078781,0.000270694097002,0.0161389687488,0.00505917933017
MMR007002,MMR111,Bago,MMR007D001,Bago,Thanatpin,32527,4438,8678,4262,8807,4458,54,1693,137,0.136440495588,0.266793740585,0.131029606173,0.270759676576,0.137055369385,0.00166015925231,0.052049066929,0.0042118855105
MMR007003,MMR111,Bago,MMR007D001,Bago,Kawa,46075,4405,14044,4187,16846,2719,36,3508,330,0.0956049918611,0.304807379273,0.0908735756918,0.365621269669,0.0590124796527,0.00078133478025,0.0761367335865,0.00716223548562
MMR007004,MMR111,Bago,MMR007D001,Bago,Waw,37083,5290,6970,7395,5447,9820,132,1792,237,0.142652967667,0.187956745679,0.199417522854,0.146886713588,0.264811369091,0.00355958255805,0.0483240298789,0.00639106868376
MMR007005,MMR111,Bago,MMR007D001,Bago,Nyaunglebin,44762,12184,7350,6914,14202,1026,59,2911,116,0.272195165542,0.164201778294,0.154461373486,0.317278048345,0.0229212278272,0.00131808230195,0.0650328403557,0.00259148384791
MMR007006,MMR111,Bago,MMR007D001,Bago,Kyauktaga,51648,13372,7467,12602,9407,1157,12,6347,1284,0.258906443618,0.144574814126,0.243997831475,0.182136771995,0.0224016418835,0.000232342007435,0.122889560099,0.0248605947955
MMR007007,MMR111,Bago,MMR007D001,Bago,Daik-U,45753,11762,4368,9772,13446,2239,195,3693,278,0.25707603873,0.095469149564,0.213581623063,0.293882368369,0.0489366817476,0.00426201560553,0.0807160186217,0.00607610429917
MMR007008,MMR111,Bago,MMR007D001,Bago,Shwegyin,21782,4978,2776,7105,2791,2249,29,1606,248,0.228537324396,0.127444679093,0.32618675971,0.128133321091,0.10325039023,0.00133137452943,0.0737306032504,0.0113855476999
MMR007009,MMR111,Bago,MMR007D002,Taungoo,Taungoo,57460,29613,4004,13489,5984,568,16,2940,846,0.515367211974,0.0696832579186,0.234754611904,0.104142011834,0.00988513748695,0.000278454577097,0.0511660285416,0.014723285764
MMR007010,MMR111,Bago,MMR007D002,Taungoo,Yedashe,50527,15516,4133,17552,4860,3279,79,4129,979,0.30708334158,0.0817978506541,0.347378629248,0.0961861974786,0.0648959962001,0.00156352049399,0.0817186850595,0.0193757792863
MMR007011,MMR111,Bago,MMR007D002,Taungoo,Kyaukkyi,22883,3005,5447,4651,5951,291,14,3204,320,0.131320194031,0.238036970677,0.203251321942,0.260062054801,0.0127168640475,0.000611807892322,0.140016606214,0.0139841803959
MMR007012,MMR111,Bago,MMR007D002,Taungoo,Phyu,54931,15420,6249,9169,16055,3602,89,3449,898,0.280715807103,0.113760900038,0.166918497752,0.29227576414,0.0655731736178,0.00162021445086,0.0627878611349,0.0163477817626
MMR007013,MMR111,Bago,MMR007D002,Taungoo,Oktwin,36870,7205,3151,14211,6741,1302,25,3235,1000,0.195416327638,0.0854624355845,0.385435313263,0.182831570382,0.0353132628153,0.000678058041768,0.0877407106048,0.0271223216707
MMR007014,MMR111,Bago,MMR007D002,Taungoo,Htantabin,26781,5663,4585,10179,2659,207,8,3198,282,0.211455882902,0.171203465143,0.380082894589,0.0992868078115,0.00772936036742,0.000298719241253,0.119413016691,0.0105298532542
MMR008001,MMR111,Bago,MMR008D001,Pyay,Pyay,58557,35091,217,11595,8487,545,7,2280,335,0.599262257288,0.00370579093874,0.198012193248,0.144935703673,0.00930717079085,0.000119541643185,0.0389364209232,0.0057209214953
MMR008002,MMR111,Bago,MMR008D001,Pyay,Paukkhaung,32347,4187,696,10455,10450,501,4,5160,894,0.129440133552,0.0215166785173,0.32321389928,0.32305932544,0.0154882987603,0.000123659071939,0.159520202801,0.0276378025783
MMR008003,MMR111,Bago,MMR008D001,Pyay,Padaung,38892,15291,151,11814,6215,3168,27,1647,579,0.393165689602,0.00388254653913,0.303764270287,0.159801501594,0.0814563406356,0.000694230175872,0.0423480407282,0.0148873804381
MMR008004,MMR111,Bago,MMR008D001,Pyay,Paungde,36700,9354,383,18547,5324,864,10,1679,539,0.254877384196,0.0104359673025,0.505367847411,0.145068119891,0.0235422343324,0.000272479564033,0.0457493188011,0.0146866485014
MMR008005,MMR111,Bago,MMR008D001,Pyay,Thegon,35950,10261,500,16372,6088,543,18,1823,345,0.285424200278,0.0139082058414,0.455410292072,0.169346314325,0.0151043115438,0.000500695410292,0.0507093184979,0.0095966620306
MMR008006,MMR111,Bago,MMR008D001,Pyay,Shwedaung,33564,9512,77,13288,7585,1245,7,1549,301,0.283398879752,0.00229412465737,0.395900369443,0.225986175664,0.0370933142653,0.000208556787034,0.0461506375879,0.00896794184245
MMR008007,MMR111,Bago,MMR008D002,Thayarwady,Thayarwady,36626,8458,6024,8400,11240,403,4,1976,121,0.230928848359,0.16447332496,0.229345273849,0.306885818817,0.011003112543,0.000109212035166,0.0539507453721,0.00330366406378
MMR008008,MMR111,Bago,MMR008D002,Thayarwady,Letpadan,43484,4950,5538,15423,13676,1833,24,1910,130,0.113834973783,0.127357188851,0.354682181952,0.314506485144,0.0421534357465,0.000551927145617,0.0439242020053,0.00298960537209
MMR008009,MMR111,Bago,MMR008D002,Thayarwady,Minhla,30894,5071,2811,13548,6417,963,12,1599,473,0.164141904577,0.0909885414644,0.438531753739,0.207710234997,0.0311711011847,0.000388424936881,0.0517576228394,0.0153104162621
MMR008010,MMR111,Bago,MMR008D002,Thayarwady,Okpho,31894,5714,480,12881,9744,637,10,1957,471,0.179155954098,0.0150498526369,0.403869066282,0.305512008528,0.0199724086035,0.000313538596601,0.0613595033549,0.0147676678999
MMR008011,MMR111,Bago,MMR008D002,Thayarwady,Zigon,18210,4810,63,8455,3329,96,3,1275,179,0.264140582098,0.00345963756178,0.464305326744,0.182811641955,0.00527182866557,0.000164744645799,0.0700164744646,0.00982976386601
MMR008012,MMR111,Bago,MMR008D002,Thayarwady,Nattalin,45769,6167,273,23494,11042,993,434,3022,344,0.134741855841,0.00596473595665,0.513316873867,0.241254997924,0.0216959077105,0.0094824007516,0.0660272236667,0.00751600428237
MMR008013,MMR111,Bago,MMR008D002,Thayarwady,Monyo,33287,1940,1005,14806,10613,2937,57,1423,506,0.0582810106047,0.0301919668339,0.444798269595,0.318833178118,0.0882326433743,0.00171238020849,0.0427494216962,0.0152011295701
MMR008014,MMR111,Bago,MMR008D002,Thayarwady,Gyobingauk,30586,5722,107,13521,7403,1118,41,2228,446,0.187079055777,0.00349833257046,0.442064997057,0.2420388413,0.0365526711567,0.00134048257373,0.0728437847381,0.0145818348264
MMR009001,MMR009,Magway,MMR009D001,Magway,Magway,68677,27236,55,4138,19925,5152,28,6061,6082,0.396581097019,0.00080085035747,0.060253068713,0.290126243138,0.0750178371216,0.00040770563653,0.0882537093932,0.0885594886206
MMR009002,MMR009,Magway,MMR009D001,Magway,Yenangyaung,32500,11407,18,3712,10031,2667,25,2595,2045,0.350984615385,0.000553846153846,0.114215384615,0.308646153846,0.0820615384615,0.000769230769231,0.0798461538462,0.0629230769231
MMR009003,MMR009,Magway,MMR009D001,Magway,Chauk,44618,14307,45,5579,13463,3264,14,4970,2976,0.320655340894,0.00100856156708,0.125039221839,0.301739208391,0.0731543323322,0.000313774709758,0.111390021964,0.0666995383029
MMR009004,MMR009,Magway,MMR009D001,Magway,Taungdwingyi,60263,14059,158,14382,16162,3619,52,8225,3606,0.233294061032,0.00262184093059,0.238653900403,0.268191095697,0.0600534324544,0.000862884356902,0.13648507376,0.0598377113652
MMR009005,MMR009,Magway,MMR009D001,Magway,Myothit,36948,1971,140,6675,15493,2345,28,5714,4582,0.0533452419617,0.00378910901808,0.180659304969,0.419319042979,0.0634675760528,0.000757821803616,0.154649778066,0.124012125149
MMR009006,MMR009,Magway,MMR009D001,Magway,Natmauk,48426,3561,95,10305,18158,3195,52,10751,2309,0.0735348779581,0.00196175608144,0.212798909677,0.374963862388,0.0659769545286,0.00107380332879,0.222008838227,0.0476809978111
MMR009007,MMR009,Magway,MMR009D002,Minbu,Minbu,43817,15478,36,14428,6681,3851,21,2126,1196,0.353241892416,0.000821598922793,0.329278590501,0.152475066755,0.0878882625465,0.000479266038296,0.0485199808294,0.0272953419906
MMR009008,MMR009,Magway,MMR009D002,Minbu,Pwintbyu,39764,10133,35,17358,5837,4302,26,1341,732,0.25482848808,0.000880193139523,0.436525500453,0.146791067297,0.108188311035,0.000653857760789,0.0337239714314,0.0184086108037
MMR009009,MMR009,Magway,MMR009D002,Minbu,Ngape,12457,2089,435,3074,2281,3403,206,691,278,0.167696877258,0.0349201252308,0.246768884964,0.183109898049,0.2731797383,0.0165368868909,0.0554708196195,0.0223167696877
MMR009010,MMR009,Magway,MMR009D002,Minbu,Salin,55605,8748,106,24126,16099,2390,31,2523,1582,0.157323981656,0.00190630338998,0.433881845158,0.289524323352,0.0429817462458,0.000557503821599,0.0453736174804,0.0284506788958
MMR009011,MMR009,Magway,MMR009D002,Minbu,Sidoktaya,10780,1433,607,4142,3296,279,120,770,133,0.13293135436,0.0563079777365,0.384230055659,0.305751391466,0.0258812615955,0.0111317254174,0.0714285714286,0.0123376623377
MMR009012,MMR009,Magway,MMR009D003,Thayet,Thayet,25972,6467,197,7703,3213,5200,15,2293,884,0.248998921916,0.00758509163715,0.296588633913,0.123710149392,0.200215616818,0.000577545048514,0.0882873864161,0.0340366548591
MMR009013,MMR009,Magway,MMR009D003,Thayet,Minhla,31622,6903,102,8914,3821,7949,85,3003,845,0.218297387895,0.00322560242869,0.281892353425,0.120833596863,0.251375624565,0.00268800202391,0.094965530327,0.026721902473
MMR009014,MMR009,Magway,MMR009D003,Thayet,Mindon,16809,681,124,3248,1050,9488,33,1808,377,0.0405140103516,0.00737700041644,0.19322981736,0.0624665357844,0.564459515736,0.0019632339818,0.107561425427,0.0224284609435
MMR009015,MMR009,Magway,MMR009D003,Thayet,Kamma,19143,1021,35,8280,3566,3288,188,2177,588,0.05333542287,0.00182834456459,0.432534085567,0.186282191924,0.171759912239,0.00982082223267,0.113723031918,0.0307161886852
MMR009016,MMR009,Magway,MMR009D003,Thayet,Aunglan,57609,16206,205,15876,17102,1244,36,4609,2331,0.281310211946,0.00355847176656,0.275581940322,0.296863337326,0.0215938481834,0.000624902359006,0.0800048603517,0.0404624277457
MMR009017,MMR009,Magway,MMR009D003,Thayet,Sinbaungwe,28684,2295,61,5886,13399,1412,14,3662,1955,0.0800097615395,0.00212662111282,0.205201506066,0.467124529354,0.0492260493655,0.000488076976712,0.127666992051,0.0681564635337
MMR009018,MMR009,Magway,MMR009D004,Pakokku,Pakokku,66340,37649,203,6114,11224,4811,37,3244,3058,0.567515827555,0.00305999397046,0.0921615917998,0.169189026229,0.0725203497136,0.000557732891167,0.0488996080796,0.0460958697618
MMR009019,MMR009,Magway,MMR009D004,Pakokku,Yesagyo,47332,10830,84,4600,17640,6363,60,5275,2480,0.228809262233,0.00177469787881,0.0971858362207,0.372686554551,0.13443336432,0.00126764134201,0.111446801318,0.0523958421364
MMR009020,MMR009,Magway,MMR009D004,Pakokku,Myaing,53641,3449,129,7716,24032,2790,57,10493,4975,0.0642978318823,0.00240487686658,0.143845193043,0.448015510524,0.0520124531608,0.00106262001081,0.195615294271,0.092746220242
MMR009021,MMR009,Magway,MMR009D004,Pakokku,Pauk,38965,2798,140,13236,10668,5447,98,3940,2638,0.07180803285,0.00359296804825,0.339689464904,0.273784165277,0.139792121134,0.00251507763377,0.101116386501,0.067701783652
MMR009022,MMR009,Magway,MMR009D004,Pakokku,Seikphyu,23427,2911,62,9187,5554,2759,27,2073,854,0.1242583344,0.00264651897383,0.392154351816,0.237076877108,0.117770094336,0.00115251632731,0.0884876424638,0.0364536645751
MMR009023,MMR009,Magway,MMR009D005,Gangaw,Gangaw,29912,5052,236,5695,6123,8616,162,3087,941,0.168895426585,0.00788981010965,0.190391815994,0.204700454667,0.2880449318,0.0054158866007,0.103202728002,0.0314589462423
MMR009024,MMR009,Magway,MMR009D005,Gangaw,Tilin,10532,756,134,1641,737,5956,599,685,24,0.0717812381314,0.0127231295101,0.155810862134,0.0699772123054,0.565514622104,0.0568742878845,0.0650398784656,0.00227876946449
MMR009025,MMR009,Magway,MMR009D005,Gangaw,Saw,15934,1033,49,1312,818,6388,5118,1076,140,0.0648299234342,0.0030751851387,0.0823396510606,0.0513367641521,0.400903727877,0.321199949793,0.0675285552906,0.00878624325342
MMR010001,MMR010,Mandalay,MMR010D001,Mandalay,Aungmyaythazan,49731,46969,12,391,1388,593,121,37,220,0.944461201263,0.000241298184231,0.00786229916953,0.0279101566427,0.0119241519374,0.00243309002433,0.000744002734713,0.00442380004424
MMR010002,MMR010,Mandalay,MMR010D001,Mandalay,Chanayethazan,33281,32499,8,142,383,103,9,7,130,0.976503109883,0.000240377392506,0.00426669871699,0.0115080676662,0.00309485892852,0.00027042456657,0.000210330218443,0.00390613262823
MMR010003,MMR010,Mandalay,MMR010D001,Mandalay,Mahaaungmyay,41927,38669,28,393,1368,1077,19,35,338,0.922293510149,0.000667827414315,0.0093734347795,0.0326281393851,0.0256875044721,0.000453168602571,0.000834784267894,0.00806163092995
MMR010004,MMR010,Mandalay,MMR010D001,Mandalay,Chanmyathazi,53047,45878,28,1008,1601,3546,132,122,732,0.864855694007,0.000527833807755,0.0190020170792,0.0301807830792,0.0668463815107,0.00248835937942,0.00229984730522,0.0137990838313
MMR010005,MMR010,Mandalay,MMR010D001,Mandalay,Pyigyitagon,43875,31359,23,1329,2593,7386,207,344,634,0.714735042735,0.000524216524217,0.0302905982906,0.0590997150997,0.168341880342,0.00471794871795,0.00784045584046,0.0144501424501
MMR010006,MMR010,Mandalay,MMR010D001,Mandalay,Amarapura,49626,29471,46,4906,7124,4881,56,1936,1206,0.593862088421,0.000926933462298,0.0988594688268,0.143553782292,0.0983557006408,0.00112844073671,0.0390118083263,0.0243017772942
MMR010007,MMR010,Mandalay,MMR010D001,Mandalay,Patheingyi,52990,25674,61,8043,9969,5728,125,2300,1090,0.484506510662,0.00115116059634,0.15178335535,0.188129835818,0.108095867145,0.00235893564824,0.0434044159275,0.0205699188526
MMR010008,MMR010,Mandalay,MMR010D002,Pyinoolwin,Pyinoolwin,53382,34345,49,9100,1289,2128,1006,5147,318,0.643381664231,0.000917912404931,0.17046944663,0.0241467161215,0.0398636244427,0.0188453036604,0.0964182683301,0.00595706417894
MMR010009,MMR010,Mandalay,MMR010D002,Pyinoolwin,Madaya,58645,14247,199,13628,17842,6637,137,3838,2117,0.242936311706,0.00339329866144,0.232381277176,0.304237360389,0.113172478472,0.00233609003325,0.0654446244352,0.036098559127
MMR010010,MMR010,Mandalay,MMR010D002,Pyinoolwin,Singu,34533,7782,83,6983,9029,6348,83,2350,1875,0.225349665537,0.00240349810326,0.202212376567,0.261460052703,0.183824168187,0.00240349810326,0.0680508499117,0.054295890887
MMR010011,MMR010,Mandalay,MMR010D002,Pyinoolwin,Mogoke,35247,17932,92,7847,1168,362,4621,2996,229,0.508752517945,0.00261015121854,0.222628876216,0.0331375719919,0.0102703776208,0.131103356314,0.085000141856,0.00649700683746
MMR010012,MMR010,Mandalay,MMR010D002,Pyinoolwin,Thabeikkyin,33141,3995,59,7456,7829,6370,241,4597,2594,0.120545547811,0.00178027217042,0.224978123774,0.236233064784,0.192209046197,0.00727195920461,0.13871035877,0.0782716272895
MMR010013,MMR010,Mandalay,MMR010D003,Kyaukse,Kyaukse,57765,18608,65,7830,18622,6818,215,2834,2773,0.322132779365,0.00112524885311,0.135549207998,0.322375140656,0.118029948931,0.00372197697568,0.0490608499957,0.0480048472258
MMR010014,MMR010,Mandalay,MMR010D003,Kyaukse,Sintgaing,33579,12644,51,5166,7498,4862,28,2500,830,0.37654486435,0.00151880639686,0.153846153846,0.223294320855,0.1447928765,0.000833854492391,0.0744512939635,0.0247178295959
MMR010015,MMR010,Mandalay,MMR010D003,Kyaukse,Myittha,46017,8949,59,6904,18772,5057,148,3663,2465,0.194471608319,0.0012821348632,0.150031510094,0.407936197492,0.109894169546,0.00321620270769,0.0796010170155,0.0535671599626
MMR010016,MMR010,Mandalay,MMR010D003,Kyaukse,Tada-U,32627,7602,81,2775,10888,4986,57,3269,2969,0.232997210899,0.00248260643026,0.0850522573329,0.333711343366,0.15281821804,0.00174701933981,0.100193091611,0.0909982529807
MMR010017,MMR010,Mandalay,MMR010D004,Myingyan,Myingyan,62340,22640,406,7364,13566,9923,212,5901,2328,0.363169714469,0.00651267244145,0.118126403593,0.217613089509,0.159175489252,0.00340070580687,0.0946583253128,0.037343599615
MMR010018,MMR010,Mandalay,MMR010D004,Myingyan,Taungtha,49852,10326,1172,11107,12865,5320,397,6280,2385,0.207133114017,0.0235095883816,0.22279948648,0.258063869052,0.106715879002,0.00796357217363,0.125972879724,0.0478416111691
MMR010019,MMR010,Mandalay,MMR010D004,Myingyan,Natogyi,40965,5920,229,6167,18637,2618,30,4828,2536,0.144513609179,0.00559013792262,0.150543146589,0.454949347004,0.0639082143293,0.000732332478945,0.117856706945,0.0619065055535
MMR010020,MMR010,Mandalay,MMR010D004,Myingyan,Kyaukpadaung,61961,14502,234,12701,20859,7349,217,4916,1183,0.23405045109,0.0037765691322,0.20498378012,0.336647245848,0.118606865609,0.00350220299866,0.0793402301448,0.0190926550572
MMR010021,MMR010,Mandalay,MMR010D004,Myingyan,Ngazun,27838,2850,245,2318,9693,6566,98,3501,2567,0.1023780444,0.00880091960629,0.0832674761118,0.348193117322,0.235864645449,0.00352036784252,0.125763345068,0.0922120842015
MMR010022,MMR010,Mandalay,MMR010D005,Nyaung-U,Nyaung-U,54473,15424,419,8885,11565,9486,76,6630,1988,0.283149450186,0.00769188405265,0.163108328897,0.212307014484,0.174141317717,0.00139518660621,0.121711673673,0.0364951443835
MMR010023,MMR010,Mandalay,MMR010D006,Yamethin,Yamethin,57259,7319,977,18071,11099,7983,252,9759,1799,0.127822700362,0.0170628198187,0.315601040884,0.193838523202,0.139419130617,0.00440105485601,0.17043608865,0.0314186416109
MMR010024,MMR010,Mandalay,MMR010D006,Yamethin,Pyawbwe,58863,8330,275,8304,21435,7531,60,9918,3010,0.141515043406,0.00467186517847,0.141073339789,0.364150654911,0.127941151487,0.00101931603894,0.168492941236,0.0511356879534
MMR010028,MMR010,Mandalay,MMR010D007,Meiktila,Meiktila,68439,29352,289,3910,19168,5495,171,5487,4567,0.428878271161,0.00422273849706,0.0571311679013,0.280074226684,0.0802904776516,0.00249857537369,0.0801735852365,0.066730957495
MMR010029,MMR010,Mandalay,MMR010D007,Meiktila,Mahlaing,33327,4191,121,4428,14629,2262,35,4444,3217,0.12575389324,0.00363068983107,0.132865244396,0.438953401146,0.0678728958502,0.00105019953791,0.133345335614,0.0965283403847
MMR010030,MMR010,Mandalay,MMR010D007,Meiktila,Thazi,44892,10499,388,10852,9218,7102,362,4358,2113,0.233872404883,0.00864296533904,0.241735721287,0.205337253854,0.158201906799,0.00806379755859,0.0970774302771,0.0470685200036
MMR010031,MMR010,Mandalay,MMR010D007,Meiktila,Wundwin,53569,12862,250,7217,15976,8003,36,5307,3918,0.24010155127,0.00466687823181,0.134723440796,0.298232186526,0.149396105957,0.000672030465381,0.0990684911049,0.073139315649
MMR011001,MMR011,Mon,MMR011D001,Mawlamyine,Mawlamyine,57457,43679,437,7824,2735,2224,44,312,202,0.760203282455,0.0076056877317,0.136171397741,0.0476008145222,0.0387072071288,0.000765790069095,0.00543014776267,0.00351567258994
MMR011002,MMR011,Mon,MMR011D001,Mawlamyine,Kyaikmaraw,38888,11127,3543,15173,725,6811,50,1264,195,0.286129397243,0.0911077967496,0.390171775355,0.018643283275,0.175144003292,0.00128574367414,0.0325036000823,0.00501440032915
MMR011003,MMR011,Mon,MMR011D001,Mawlamyine,Chaungzon,27944,756,771,7318,945,16203,182,1666,103,0.0270541082164,0.0275908960779,0.261880904666,0.0338176352705,0.579838247924,0.0065130260521,0.059619238477,0.0036859433152
MMR011004,MMR011,Mon,MMR011D001,Mawlamyine,Thanbyuzayat,36234,14836,655,11711,1651,6216,196,762,207,0.409449688138,0.0180769443065,0.323204724844,0.0455649390076,0.171551581388,0.00540928409781,0.0210299718496,0.0057128663686
MMR011005,MMR011,Mon,MMR011D001,Mawlamyine,Mudon,39312,18480,469,10709,3562,5282,61,700,49,0.470085470085,0.0119301994302,0.27241045991,0.0906084656085,0.134361009361,0.00155168905169,0.0178062678063,0.00124643874644
MMR011006,MMR011,Mon,MMR011D001,Mawlamyine,Ye,53448,2108,1448,14571,2290,30793,492,1162,584,0.0394402035623,0.0270917527316,0.272620116749,0.0428453824278,0.576130070349,0.00920520880108,0.0217407573717,0.0109265080078
MMR011007,MMR011,Mon,MMR011D002,Thaton,Thaton,48284,19974,1178,20399,902,4055,22,1572,182,0.413677408665,0.024397315881,0.422479496313,0.0186811366084,0.0839822715599,0.000455637478254,0.0325573689007,0.00376936459283
MMR011008,MMR011,Mon,MMR011D002,Thaton,Paung,43726,17004,3332,13602,1774,5971,407,1390,246,0.388876183506,0.0762018021315,0.311073503179,0.0405708274253,0.136554910122,0.00930796322554,0.0317888670356,0.00562594337465
MMR011009,MMR011,Mon,MMR011D002,Thaton,Kyaikto,38088,14247,657,15492,2182,4115,183,961,251,0.374054820416,0.0172495274102,0.406742281033,0.0572883847931,0.108039277463,0.00480466288595,0.0252310438983,0.0065900021004
MMR011010,MMR011,Mon,MMR011D002,Thaton,Bilin,39231,8665,2468,18054,1548,6686,132,1594,84,0.220871249777,0.0629094338661,0.460197292957,0.0394585914201,0.170426448472,0.00336468609008,0.0406311335424,0.00214116387551
MMR012001,MMR012,Rakhine,MMR012D001,Sittwe,Sittwe,29036,13789,1176,8645,874,3704,108,652,88,0.474893235983,0.0405014464802,0.297733847637,0.0301005648161,0.127565780411,0.00371952059512,0.0224548835928,0.00303072048492
MMR012002,MMR012,Rakhine,MMR012D001,Sittwe,Ponnagyun,25335,1271,3072,17099,1397,1944,38,481,33,0.0501677521216,0.12125518058,0.674916123939,0.0551411091376,0.0767317939609,0.00149990132228,0.0189855930531,0.00130254588514
MMR012007,MMR012,Rakhine,MMR012D001,Sittwe,Pauktaw,30544,1851,11545,13975,1090,1403,46,591,43,0.0606011000524,0.377979308539,0.457536668413,0.0356862231535,0.0459337349398,0.00150602409639,0.0193491356731,0.00140780513358
MMR012008,MMR012,Rakhine,MMR012D001,Sittwe,Rathedaung,24341,2211,4908,13615,1874,657,11,1032,33,0.0908343946428,0.201635101269,0.559344316174,0.0769894416828,0.0269914958301,0.000451912411158,0.0423976007559,0.00135573723347
MMR012003,MMR012,Rakhine,MMR012D005,Mrauk-U,Mrauk-U,41525,3255,5861,23970,3907,1850,45,2594,43,0.0783865141481,0.141143889223,0.577242624925,0.0940878988561,0.0445514750151,0.00108368452739,0.0624683925346,0.00103552077062
MMR012004,MMR012,Rakhine,MMR012D005,Mrauk-U,Kyauktaw,36495,3774,4756,21941,1437,3173,91,1265,58,0.103411426223,0.130319221811,0.601205644609,0.0393752568845,0.0869434169064,0.00249349225921,0.0346622825045,0.00158925880258
MMR012005,MMR012,Rakhine,MMR012D005,Mrauk-U,Minbya,36628,1638,4435,24213,1325,3153,65,1397,402,0.0447198864257,0.121082232172,0.661051654472,0.0361745113028,0.0860816861417,0.00177459866769,0.0381402205963,0.0109752102217
MMR012006,MMR012,Rakhine,MMR012D005,Mrauk-U,Myebon,31339,2351,592,22343,1092,3524,41,1332,64,0.0750183477456,0.0188902007084,0.712945531127,0.0348447621175,0.112447748811,0.00130827403555,0.0425029515939,0.00204218386037
MMR012009,MMR012,Rakhine,MMR012D002,Maungdaw,Maungdaw,7896,3069,2325,1464,21,598,13,372,34,0.38867781155,0.294452887538,0.185410334347,0.00265957446809,0.0757345491388,0.00164640324215,0.0471124620061,0.00430597771023
MMR012010,MMR012,Rakhine,MMR012D002,Maungdaw,Buthidaung,11264,2854,4626,2421,212,536,47,422,146,0.253373579545,0.410688920455,0.214932528409,0.0188210227273,0.0475852272727,0.00417258522727,0.0374644886364,0.0129616477273
MMR012011,MMR012,Rakhine,MMR012D003,Kyaukpyu,Kyaukpyu,37264,7657,3807,23314,214,1648,47,554,23,0.205479819665,0.10216294547,0.625644053242,0.00574280807213,0.0442249892658,0.00126127093173,0.0148668956634,0.000617217689996
MMR012012,MMR012,Rakhine,MMR012D003,Kyaukpyu,Munaung,14735,997,1505,10980,104,910,8,229,2,0.0676620291822,0.102137767221,0.745164574143,0.00705802511028,0.061757719715,0.000542925008483,0.0155412283678,0.000135731252121
MMR012013,MMR012,Rakhine,MMR012D003,Kyaukpyu,Ramree,22418,517,2841,17810,86,951,10,195,8,0.0230618253189,0.126728521724,0.79445088768,0.00383620305112,0.0424212686234,0.000446070122223,0.00869836738335,0.000356856097779
MMR012014,MMR012,Rakhine,MMR012D003,Kyaukpyu,Ann,27359,1238,139,21889,872,2169,34,961,57,0.045250191893,0.00508059505099,0.800065791878,0.0318725099602,0.0792792134215,0.0012427354801,0.0351255528345,0.00208340948134
MMR012015,MMR012,Rakhine,MMR012D004,Thandwe,Thandwe,31075,6259,233,16415,700,6496,61,850,61,0.201415929204,0.00749798873693,0.528238133548,0.02252614642,0.209042638777,0.00196299275945,0.0273531777957,0.00196299275945
MMR012016,MMR012,Rakhine,MMR012D004,Thandwe,Toungup,35192,4211,111,23251,425,5649,115,1229,201,0.11965787679,0.00315412593771,0.660689929529,0.0120766083201,0.160519436236,0.00326778813367,0.0349227097068,0.00571152534667
MMR012017,MMR012,Rakhine,MMR012D004,Thandwe,Gwa,17326,2097,2233,7774,2014,2579,17,570,42,0.121031975066,0.128881449844,0.448689830313,0.116241486783,0.148851437146,0.000981184347224,0.0328985339952,0.00242410250491
MMR013001,MMR013,Yangon,MMR013D001,Yangon (North),Insein,61676,55409,55,3212,1569,1264,13,34,120,0.898388352033,0.000891756923276,0.0520786043193,0.0254393929567,0.0204941954731,0.000210778909138,0.000551267916207,0.00194565146897
MMR013002,MMR013,Yangon,MMR013D001,Yangon (North),Mingaladon,66303,59279,92,3781,2716,177,2,53,203,0.894062108804,0.00138756918993,0.0570260772514,0.0409634556506,0.00266956246324,3.01645476072e-05,0.000799360511591,0.00306170158213
MMR013003,MMR013,Yangon,MMR013D001,Yangon (North),Hmawbi,56469,31924,2800,10289,9293,1190,21,681,271,0.565336733429,0.0495847279038,0.182206166215,0.164568170146,0.0210735093591,0.000371885459279,0.0120597141795,0.00479909330783
MMR013004,MMR013,Yangon,MMR013D001,Yangon (North),Hlegu,58023,32098,2139,13146,8510,846,4,849,431,0.553194422901,0.0368646915878,0.226565327543,0.146665977285,0.0145804250039,6.89381796874e-05,0.0146321286386,0.00742808886131
MMR013005,MMR013,Yangon,MMR013D001,Yangon (North),Taikkyi,66999,22141,10579,13271,18046,616,14,1718,614,0.33046761892,0.157897879073,0.198077583248,0.269347303691,0.00919416707712,0.000208958342662,0.0256421737638,0.00916431588531
MMR013006,MMR013,Yangon,MMR013D001,Yangon (North),Htantabin,34211,6864,10164,4357,9428,1824,24,1449,101,0.200637221946,0.297097424805,0.127356698138,0.275583876531,0.0533161848528,0.000701528748063,0.0423547981643,0.00295226681477
MMR013007,MMR013,Yangon,MMR013D001,Yangon (North),Shwepyithar,73775,54164,218,4679,9295,4904,80,153,282,0.734178244663,0.00295493053202,0.0634225686208,0.125991189427,0.0664723822433,0.00108437817689,0.0020738732633,0.00382243307353
MMR013008,MMR013,Yangon,MMR013D001,Yangon (North),Hlaingtharya,148711,113503,181,3597,12612,17935,124,330,429,0.763245489574,0.00121712583467,0.0241878542946,0.0848087902038,0.120603048867,0.000833832063533,0.00221906920134,0.00288478996174
MMR013009,MMR013,Yangon,MMR013D002,Yangon (East),Thingangyun,43320,42137,27,579,418,49,2,3,105,0.972691597415,0.000623268698061,0.0133656509695,0.00964912280702,0.00113111726685,4.61680517082e-05,6.92520775623e-05,0.00242382271468
MMR013010,MMR013,Yangon,MMR013D002,Yangon (East),Yankin,14637,14486,7,85,38,5,1,1,14,0.989683678349,0.000478240076518,0.00580720092915,0.00259616041539,0.000341600054656,6.83200109312e-05,6.83200109312e-05,0.000956480153037
MMR013011,MMR013,Yangon,MMR013D002,Yangon (East),South Okkalapa,32725,32130,7,161,338,51,0,1,37,0.981818181818,0.000213903743316,0.00491978609626,0.0103284950344,0.00155844155844,0.0,3.05576776165e-05,0.00113063407181
MMR013012,MMR013,Yangon,MMR013D002,Yangon (East),North Okkalapa,64756,59365,25,671,3925,607,22,41,100,0.916749027117,0.000386064611773,0.01036197418,0.0606121440484,0.00937364877386,0.000339736858361,0.000633145963308,0.00154425844709
MMR013013,MMR013,Yangon,MMR013D002,Yangon (East),Thaketa,45456,43437,9,522,901,510,8,16,53,0.955583421331,0.000197993664203,0.0114836325238,0.0198213657163,0.0112196409715,0.00017599436818,0.00035198873636,0.00116596268919
MMR013014,MMR013,Yangon,MMR013D002,Yangon (East),Dawbon,14409,13948,11,178,67,181,3,8,13,0.968006107294,0.000763411756541,0.0123533902422,0.00464987160802,0.0125615934485,0.000208203206329,0.000555208550212,0.000902213894094
MMR013015,MMR013,Yangon,MMR013D002,Yangon (East),Tamwe,35360,35254,22,42,19,4,0,0,19,0.997002262443,0.000622171945701,0.00118778280543,0.000537330316742,0.000113122171946,0.0,0.0,0.000537330316742
MMR013016,MMR013,Yangon,MMR013D002,Yangon (East),Pazundaung,10306,10240,7,39,11,0,0,0,9,0.993595963516,0.000679215990685,0.00378420337667,0.00106733941393,0.0,0.0,0.0,0.000873277702309
MMR013017,MMR013,Yangon,MMR013D002,Yangon (East),Botahtaung,8397,8334,3,35,16,2,0,0,7,0.992497320472,0.000357270453733,0.00416815529356,0.00190544241991,0.000238180302489,0.0,0.0,0.000833631058711
MMR013018,MMR013,Yangon,MMR013D002,Yangon (East),Dagon Myothit (South),76984,64808,408,2505,6124,2684,67,154,234,0.841837264886,0.00529980255638,0.0325392289307,0.0795489971942,0.0348643874052,0.000870310713915,0.00200041567079,0.00303959264263
MMR013019,MMR013,Yangon,MMR013D002,Yangon (East),Dagon Myothit (North),42704,39967,29,624,1705,219,0,20,140,0.935907643312,0.000679093293368,0.0146122143125,0.039926002248,0.00512832521544,0.0,0.000468340202323,0.00327838141626
MMR013020,MMR013,Yangon,MMR013D002,Yangon (East),Dagon Myothit (East),33913,23883,272,1592,6345,1257,3,334,227,0.704243210568,0.00802052310323,0.0469436499278,0.187096393713,0.0370654321352,8.84616518739e-05,0.0098487305753,0.00669359832513
MMR013021,MMR013,Yangon,MMR013D002,Yangon (East),Dagon Myothit (Seikkan),37905,21581,219,2514,7699,5449,45,274,124,0.569344413666,0.00577760189949,0.0663237039968,0.203113045772,0.143754122147,0.0011871784725,0.00722859781032,0.00327133623533
MMR013022,MMR013,Yangon,MMR013D002,Yangon (East),Mingalartaungnyunt,25918,25588,13,162,93,37,1,2,22,0.987267536075,0.000501581912185,0.0062504822903,0.00358823983332,0.00142757928853,3.85832240142e-05,7.71664480284e-05,0.000848830928312
MMR013023,MMR013,Yangon,MMR013D003,Yangon (South),Thanlyin,61597,29199,2784,5689,16023,5710,81,1723,388,0.474032826274,0.0451970063477,0.0923583940776,0.260126304853,0.0926993197721,0.0013149991071,0.0279721415004,0.00629900806857
MMR013024,MMR013,Yangon,MMR013D003,Yangon (South),Kyauktan,42469,12362,8855,5125,9750,2441,19,2752,1165,0.291082907533,0.208505027196,0.120676257976,0.229579222492,0.0574772186772,0.000447385151522,0.06480020721,0.0274317737644
MMR013025,MMR013,Yangon,MMR013D003,Yangon (South),Thongwa,40087,7055,12664,3114,10526,542,14,5368,804,0.175992216928,0.315912889465,0.0776810437299,0.262578890912,0.0135205927109,0.000349240402125,0.133908748472,0.0200563773792
MMR013026,MMR013,Yangon,MMR013D003,Yangon (South),Kayan,39314,6443,13732,2690,11519,1788,34,2541,567,0.163885638704,0.349290329145,0.0684234623798,0.292999949128,0.0454799816859,0.000864831866511,0.064633463906,0.0144223431856
MMR013027,MMR013,Yangon,MMR013D003,Yangon (South),Twantay,51602,8446,13080,8745,15203,3391,26,2673,38,0.163675826518,0.253478547343,0.169470175575,0.294620363552,0.0657145071896,0.000503856439673,0.0518003178171,0.000736405565676
MMR013028,MMR013,Yangon,MMR013D003,Yangon (South),Kawhmu,29792,5862,5489,8998,6532,1365,2,1479,65,0.196764232009,0.184244092374,0.302027389903,0.21925349087,0.0458176691729,6.71321160043e-05,0.0496441997852,0.00218179377014
MMR013029,MMR013,Yangon,MMR013D003,Yangon (South),Kungyangon,28352,6797,4345,6751,7129,1342,7,1739,242,0.239736173815,0.153251975169,0.238113713318,0.251446106095,0.0473335214447,0.000246896162528,0.0613360609481,0.0085355530474
MMR013030,MMR013,Yangon,MMR013D003,Yangon (South),Dala,37912,18270,1138,3887,7571,6202,87,645,112,0.481905465288,0.0300168811986,0.10252690441,0.199699303651,0.163589364845,0.00229478792994,0.0170130829289,0.00295420974889
MMR013031,MMR013,Yangon,MMR013D003,Yangon (South),Seikgyikanaungto,7729,5905,14,1345,426,13,0,14,12,0.764005692845,0.00181135981369,0.174019924958,0.0551170914737,0.00168197696985,0.0,0.00181135981369,0.00155259412602
MMR013032,MMR013,Yangon,MMR013D003,Yangon (South),Cocokyun,351,326,15,9,1,0,0,0,0,0.928774928775,0.042735042735,0.025641025641,0.002849002849,0.0,0.0,0.0,0.0
MMR013033,MMR013,Yangon,MMR013D004,Yangon (West),Kyauktada,6120,6116,1,0,1,0,0,0,2,0.999346405229,0.00016339869281,0.0,0.00016339869281,0.0,0.0,0.0,0.000326797385621
MMR013034,MMR013,Yangon,MMR013D004,Yangon (West),Pabedan,6563,6561,0,1,0,0,0,0,1,0.999695261313,0.0,0.000152369343288,0.0,0.0,0.0,0.0,0.000152369343288
MMR013035,MMR013,Yangon,MMR013D004,Yangon (West),Lanmadaw,8599,8587,3,1,2,2,0,0,4,0.998604488894,0.000348877776486,0.000116292592162,0.000232585184324,0.000232585184324,0.0,0.0,0.000465170368648
MMR013036,MMR013,Yangon,MMR013D004,Yangon (West),Latha,4473,4471,1,1,0,0,0,0,0,0.999552872792,0.000223563603845,0.000223563603845,0.0,0.0,0.0,0.0,0.0
MMR013037,MMR013,Yangon,MMR013D004,Yangon (West),Ahlone,10943,10834,13,21,64,0,0,3,8,0.990039294526,0.00118797404734,0.00191903499954,0.00584848761766,0.0,0.0,0.000274147857078,0.000731060952207
MMR013038,MMR013,Yangon,MMR013D004,Yangon (West),Kyeemyindaing,23062,19669,24,750,2514,84,0,7,14,0.852874859076,0.00104067296852,0.0325210302662,0.109010493452,0.00364235538982,0.0,0.000303529615818,0.000607059231636
MMR013039,MMR013,Yangon,MMR013D004,Yangon (West),Sanchaung,20635,20589,21,8,9,1,0,0,7,0.997770777805,0.00101768839351,0.000387690816574,0.000436152168646,4.84613520717e-05,0.0,0.0,0.000339229464502
MMR013040,MMR013,Yangon,MMR013D004,Yangon (West),Hlaing,32837,32476,27,144,157,0,0,8,25,0.989006303865,0.000822243201267,0.00438529707342,0.00478119194811,0.0,0.0,0.00024362761519,0.000761336297469
MMR013041,MMR013,Yangon,MMR013D004,Yangon (West),Kamaryut,16299,16258,12,7,7,10,0,0,5,0.997484508252,0.000736241487208,0.000429474200871,0.000429474200871,0.000613534572673,0.0,0.0,0.000306767286337
MMR013042,MMR013,Yangon,MMR013D004,Yangon (West),Mayangone,38807,38047,22,420,264,14,0,3,37,0.980415904347,0.000566908032056,0.0108227897029,0.00680289638467,0.000360759656763,0.0,7.73056407349e-05,0.000953436235731
MMR013043,MMR013,Yangon,MMR013D004,Yangon (West),Dagon,4608,4588,2,6,9,1,0,0,2,0.995659722222,0.000434027777778,0.00130208333333,0.001953125,0.000217013888889,0.0,0.0,0.000434027777778
MMR013044,MMR013,Yangon,MMR013D004,Yangon (West),Bahan,17426,17342,11,48,13,2,1,0,9,0.995179616665,0.000631240674854,0.002754504763,0.000746011706645,0.000114771031792,5.73855158958e-05,0.0,0.000516469643062
MMR013045,MMR013,Yangon,MMR013D004,Yangon (West),Seikkan,410,403,0,4,1,0,0,0,2,0.982926829268,0.0,0.00975609756098,0.00243902439024,0.0,0.0,0.0,0.00487804878049
MMR014001,MMR222,Shan,MMR014D001,Taunggyi,Taunggyi,94869,56687,644,8405,3458,1295,3234,20728,418,0.59752922451,0.006788308088,0.0885958532292,0.0364502629942,0.0136504021335,0.0340891123549,0.218490760944,0.00440607574656
MMR014002,MMR222,Shan,MMR014D001,Taunggyi,Nyaungshwe,42634,15990,2411,2332,6429,903,1383,12787,399,0.375052774781,0.0565511094432,0.0546981282544,0.150795140029,0.0211802786508,0.0324388985317,0.299924942534,0.00935872777595
MMR014003,MMR222,Shan,MMR014D001,Taunggyi,Hopong,24728,3786,699,4498,1322,157,3177,10826,263,0.153105791006,0.0282675509544,0.181899061792,0.0534616628923,0.0063490779683,0.128477838887,0.437803299903,0.0106357165966
MMR014004,MMR222,Shan,MMR014D001,Taunggyi,Hsihseng,32771,1285,444,4630,2821,1257,3533,18548,253,0.0392114979708,0.0135485642794,0.141283451832,0.0860822068292,0.0383570840072,0.107808733331,0.565988221293,0.0077202404565
MMR014005,MMR222,Shan,MMR014D001,Taunggyi,Kalaw,41341,18515,523,8729,1647,1378,1020,9306,223,0.447860477492,0.0126508792724,0.211146319634,0.0398393846303,0.0333325270313,0.0246728429404,0.225103408239,0.0053941607605
MMR014006,MMR222,Shan,MMR014D001,Taunggyi,Pindaya,17544,5268,247,3208,1003,58,1282,6241,237,0.300273597811,0.0140788873689,0.182854537164,0.0571705426357,0.00330597355221,0.0730734154127,0.355734154127,0.0135088919289
MMR014007,MMR222,Shan,MMR014D001,Taunggyi,Ywangan,18348,1296,1643,5758,2002,373,1724,4633,919,0.0706344015697,0.0895465445825,0.313821669937,0.109112709832,0.0203291911925,0.0939611946806,0.252507085241,0.0500872029649
MMR014008,MMR222,Shan,MMR014D001,Taunggyi,Lawksawk,34107,8738,632,8599,2550,348,1230,11697,313,0.25619374322,0.0185299205442,0.25211833348,0.0747647110564,0.0102031840971,0.0360629782743,0.34295012754,0.00917700178849
MMR014009,MMR222,Shan,MMR014D001,Taunggyi,Pinlaung,42083,13165,2069,9082,851,358,2205,13855,498,0.312834161063,0.0491647458594,0.215811610389,0.020221942352,0.00850699807523,0.0523964546254,0.329230330537,0.0118337570991
MMR014010,MMR222,Shan,MMR014D001,Taunggyi,Pekon,20084,6724,161,4457,461,199,438,7379,265,0.334793865764,0.00801633140809,0.221917944633,0.0229535949014,0.00990838478391,0.0218084047003,0.367406891058,0.0131945827524
MMR014011,MMR222,Shan,MMR014D002,Loilen,Loilen,25417,9161,359,5623,159,74,2918,6977,146,0.36042805996,0.0141244049258,0.22122988551,0.00625565566353,0.00291143722705,0.114805051737,0.274501318016,0.00574418696148
MMR014012,MMR222,Shan,MMR014D002,Loilen,Laihka,8790,2629,87,2440,56,80,1087,2293,118,0.299089874858,0.0098976109215,0.277588168373,0.00637087599545,0.00910125142207,0.123663253697,0.260864618885,0.0134243458476
MMR014013,MMR222,Shan,MMR014D002,Loilen,Nansang,23227,8087,614,5864,372,370,648,7161,111,0.348172385586,0.0264347526585,0.252464803892,0.0160158436303,0.0159297369441,0.0278985663237,0.308304989882,0.00477892108322
MMR014014,MMR222,Shan,MMR014D002,Loilen,Kunhing,11137,916,219,2859,60,482,4013,2424,164,0.0822483613181,0.0196641824549,0.256711861363,0.00538744724791,0.0432791595582,0.360330430098,0.217652868816,0.0147256891443
MMR014015,MMR222,Shan,MMR014D002,Loilen,Kyethi,14712,1193,1012,4499,299,254,2363,4939,153,0.0810902664492,0.0687873844481,0.305804785209,0.0203235454051,0.0172648178358,0.160617183252,0.335712343665,0.0103996737357
MMR014016,MMR222,Shan,MMR014D002,Loilen,Mongkaing,16332,2037,549,5495,434,171,1317,4873,1456,0.124724467303,0.0336149889787,0.336456037228,0.0265735978447,0.0104702424688,0.080639235856,0.298371295616,0.0891501347049
MMR014017,MMR222,Shan,MMR014D002,Loilen,Monghsu,15867,470,475,4213,699,521,1816,7521,152,0.0296212264448,0.0299363458751,0.265519631941,0.0440536963509,0.0328354446335,0.114451377072,0.474002647003,0.00957963068003
MMR014018,MMR222,Shan,MMR014D003,Langkho,Langkho,9548,4558,57,3017,182,94,147,1464,29,0.477377461248,0.005969836615,0.315982404692,0.0190615835777,0.00984499371596,0.0153958944282,0.153330540427,0.00303728529535
MMR014019,MMR222,Shan,MMR014D003,Langkho,Mongnai,8485,4517,250,2348,65,98,114,1071,22,0.532351208014,0.0294637595757,0.276723629935,0.00766057748969,0.0115497937537,0.0134354743665,0.126222746022,0.00259281084266
MMR014020,MMR222,Shan,MMR014D003,Langkho,Mawkmai,7194,1226,82,1745,137,99,1013,2832,60,0.170419794273,0.0113983875452,0.24256324715,0.019043647484,0.0137614678899,0.140811787601,0.393661384487,0.00834028356964
MMR014021,MMR222,Shan,MMR014D003,Langkho,Mongpan,5421,2464,53,1965,78,125,45,673,18,0.454528684745,0.00977679394946,0.362479247371,0.0143884892086,0.0230584762959,0.00830105146652,0.124146836377,0.00332042058661
MMR015001,MMR222,Shan,MMR015D001,Lashio,Lashio,64932,34468,1501,8572,1822,447,1991,15548,583,0.530832255282,0.0231164910984,0.132015031109,0.0280601244379,0.0068841249307,0.0306628472864,0.239450502064,0.00897862379104
MMR015002,MMR222,Shan,MMR015D001,Lashio,Hseni,11779,2666,272,1547,257,276,776,5809,176,0.226335002971,0.0230919432889,0.131335427456,0.021818490534,0.0234315306902,0.0658799558536,0.493165803549,0.0149418456575
MMR015003,MMR222,Shan,MMR015D001,Lashio,Mongyai,13328,896,1211,3345,857,134,757,5642,486,0.0672268907563,0.0908613445378,0.250975390156,0.0643007202881,0.0100540216086,0.0567977190876,0.423319327731,0.0364645858343
MMR015004,MMR222,Shan,MMR015D001,Lashio,Tangyan,35142,795,1501,8303,1360,793,2734,18414,1242,0.0226225029879,0.0427124238803,0.236269990325,0.0387001308975,0.0225655910307,0.0777986454954,0.523988389961,0.0353423254226
MMR015009,MMR222,Shan,MMR015D002,Muse,Muse,32758,24589,1786,409,49,147,5437,314,27,0.750625801331,0.0545210330301,0.0124854997253,0.0014958178155,0.00448745344649,0.165974723732,0.00958544477685,0.000824226143232
MMR015010,MMR222,Shan,MMR015D002,Muse,Namhkan,21417,10540,2114,1338,85,347,5680,797,516,0.492132418172,0.0987066349162,0.0624737358173,0.00396880982397,0.0162020824579,0.265209880002,0.0372134285848,0.0240930102255
MMR015011,MMR222,Shan,MMR015D002,Muse,Kutkai,32080,8490,6131,3125,691,97,3737,9484,325,0.264650872818,0.1911159601,0.0974127182045,0.0215399002494,0.00302369077307,0.116490024938,0.295635910224,0.0101309226933
MMR015012,MMR222,Shan,MMR015D003,Kyaukme,Kyaukme,38256,12481,945,5824,2146,718,4303,10424,1415,0.326249477206,0.0247020075282,0.152237557507,0.056095775826,0.0187682977834,0.112479088248,0.272480133835,0.0369876620661
MMR015013,MMR222,Shan,MMR015D003,Kyaukme,Nawnghkio,32224,7565,382,7629,1885,548,1075,12854,286,0.234762909633,0.0118545183714,0.236749006951,0.0584967725919,0.017005958292,0.0333602284012,0.398895233366,0.00887537239325
MMR015014,MMR222,Shan,MMR015D003,Kyaukme,Hsipaw,37906,9097,650,5503,1499,468,3001,16429,1259,0.239988392339,0.0171476811059,0.145174906347,0.039545190735,0.0123463303962,0.0791695246135,0.433414235213,0.0332137392497
MMR015015,MMR222,Shan,MMR015D003,Kyaukme,Namtu,11641,5092,93,1019,443,12,1139,3346,497,0.437419465682,0.00798900438107,0.0875354351001,0.0380551499012,0.00103083927498,0.0978438278498,0.287432351173,0.0426939266386
MMR015016,MMR222,Shan,MMR015D003,Kyaukme,Namhsan,13685,2593,206,1869,308,91,5736,2270,612,0.189477530142,0.0150529777128,0.136572890026,0.0225063938619,0.00664961636829,0.419145049324,0.16587504567,0.0447204968944
MMR015017,MMR222,Shan,MMR015D003,Kyaukme,Mongmit,13652,744,55,3084,924,2137,955,5475,278,0.0544975095224,0.00402871374158,0.225900966891,0.0676823908585,0.156533841195,0.0699531204219,0.401040140639,0.0203633167301
MMR015018,MMR222,Shan,MMR015D003,Kyaukme,Mabein,8632,302,28,1753,1433,1229,6,3866,15,0.0349860982391,0.0032437442076,0.203081556997,0.166010194625,0.142377201112,0.000695088044486,0.447868396664,0.00173772011121
MMR015019,MMR222,Shan,MMR015D003,Kyaukme,Manton,7683,836,1124,1704,401,23,992,1600,1003,0.108811662111,0.146297019393,0.22178836392,0.052193153716,0.00299362228296,0.129116230639,0.208251984902,0.130547963035
MMR015020,MMR222,Shan,MMR015D004,Kunlong,Kunlong,10392,449,299,986,357,137,3684,4185,295,0.0432063125481,0.0287721324095,0.0948806774442,0.0343533487298,0.0131832178599,0.354503464203,0.402713625866,0.0283872209392
MMR015022,MMR222,Shan,MMR015D005,Laukkaing,Laukkaing,15181,13591,157,623,39,46,82,616,27,0.895263816613,0.0103418747118,0.04103813978,0.00256900072459,0.00303010341875,0.00540148870298,0.0405770370858,0.00177853896318
MMR015023,MMR222,Shan,MMR015D005,Laukkaing,Konkyan,9665,1517,1267,2356,159,100,2597,1298,371,0.156958096223,0.131091567512,0.24376616658,0.0164511122607,0.0103466114847,0.268701500259,0.134299017072,0.0383859286084
MMR015021,MMR222,Shan,MMR015D006,Hopang,Hopang,11216,6037,367,1123,273,16,432,2922,46,0.5382489301,0.0327211126961,0.100124821683,0.0243402282454,0.00142653352354,0.0385164051355,0.260520684736,0.00410128388017
MMR015008,MMR222,Shan,MMR015D006,Hopang,Mongmao,10445,5675,282,512,163,17,49,3644,103,0.543322163715,0.0269985639062,0.0490186692197,0.0156055528961,0.00162757300144,0.00469123982767,0.348875059837,0.00986117759694
MMR015007,MMR222,Shan,MMR015D006,Hopang,Pangwaun,13969,4182,1621,1328,161,56,536,5137,948,0.299377192354,0.116042665903,0.095067649796,0.011525520796,0.00400887679863,0.0383706779297,0.367742859188,0.0678645572339
MMR015024,MMR222,Shan,MMR015D007,Matman,Matman,3318,383,13,674,227,28,270,673,1050,0.11543098252,0.00391802290536,0.203134418324,0.0684147076552,0.0084388185654,0.0813743218807,0.202833031947,0.316455696203
MMR015005,MMR222,Shan,MMR015D007,Matman,Pangsang,16457,7928,276,1912,508,55,837,3003,1938,0.481740292884,0.0167709789147,0.116181564076,0.0308683235098,0.00334204289968,0.0508598164915,0.182475542322,0.117761438901
MMR015006,MMR222,Shan,MMR015D007,Matman,Narphan,16474,3506,1037,2452,341,27,253,7525,1333,0.21282020153,0.0629476751244,0.148840597305,0.0206992837198,0.00163894621828,0.0153575330824,0.456780381207,0.0809153818138
MMR016001,MMR222,Shan,MMR016D001,Kengtung,Kengtung,34096,10532,2051,9054,338,1859,6497,2048,1717,0.308892538714,0.0601536837166,0.265544345378,0.00991318629751,0.0545225246363,0.190550211168,0.0600656968559,0.0503578132332
MMR016002,MMR222,Shan,MMR016D001,Kengtung,Mongkhet,8025,810,95,2658,11,273,1545,882,1751,0.100934579439,0.0118380062305,0.331214953271,0.0013707165109,0.0340186915888,0.192523364486,0.109906542056,0.218193146417
MMR016003,MMR222,Shan,MMR016D001,Kengtung,Mongyang,19404,5772,831,2862,58,433,5937,1288,2223,0.297464440322,0.0428262213976,0.147495361781,0.00298907441765,0.0223149866007,0.305967841682,0.0663780663781,0.114564007421
MMR016005,MMR222,Shan,MMR016D001,Kengtung,Mongla,5208,3124,275,885,22,47,636,143,76,0.599846390169,0.0528033794163,0.169930875576,0.0042242703533,0.00902457757296,0.122119815668,0.0274577572965,0.0145929339478
MMR016006,MMR222,Shan,MMR016D002,Monghsat,Monghsat,19111,7005,1855,3945,132,408,4053,372,1341,0.366542828737,0.097064517817,0.206425618754,0.00690701690126,0.0213489613312,0.2120768144,0.019465229449,0.0701690126105
MMR016007,MMR222,Shan,MMR016D002,Monghsat,Mongping,13299,1165,56,3946,260,82,4405,976,2409,0.0876005714715,0.00421084292052,0.29671403865,0.019550342131,0.00616587713362,0.331227911873,0.0733889766148,0.181141439206
MMR016008,MMR222,Shan,MMR016D002,Monghsat,Mongton,12521,1163,2699,4869,61,1346,1224,428,731,0.0928839549557,0.215557862791,0.388866703937,0.00487181535021,0.107499401006,0.0977557703059,0.0341825732769,0.0583819183771
MMR016009,MMR222,Shan,MMR016D003,Tachileik,Tachileik,37673,22567,1060,5021,1324,1379,4603,1327,392,0.599023173095,0.0281368619436,0.133278475301,0.0351445332201,0.036604464736,0.122182995779,0.0352241658482,0.0104053300772
MMR016010,MMR222,Shan,MMR016D004,Monghpyak,Monghpyak,6165,849,406,1151,128,667,1861,1024,79,0.137712895377,0.0658556366586,0.186699107867,0.0207623682076,0.108191403082,0.301865369019,0.166098945661,0.0128142741281
MMR016011,MMR222,Shan,MMR016D004,Monghpyak,Mongyawng,17196,4460,555,1595,274,212,6529,3365,206,0.259362642475,0.0322749476622,0.0927541288672,0.0159339381251,0.0123284484764,0.379681321237,0.195685043033,0.0119795301233
MMR017002,MMR017,Ayeyarwady,MMR017D001,Pathein,Kangyidaunt,42966,2798,20408,6520,10549,1017,15,1566,93,0.0651212586696,0.474980216916,0.151747893683,0.245519713262,0.0236698785086,0.000349113252339,0.0364474235442,0.0021645021645
MMR017007,MMR017,Ayeyarwady,MMR017D001,Pathein,Kyaunggon,41402,3025,20327,5365,9078,1278,16,2218,95,0.0730641031834,0.49096661997,0.129583111927,0.219264769818,0.0308680740061,0.00038645476064,0.0535722911937,0.0022945751413
MMR017005,MMR017,Ayeyarwady,MMR017D001,Pathein,Kyonpyaw,59488,5710,22624,8723,17836,2112,21,2310,152,0.0959857450242,0.380311995697,0.146634615385,0.299825174825,0.0355029585799,0.000353012372243,0.0388313609467,0.00255513717052
MMR017004,MMR017,Ayeyarwady,MMR017D001,Pathein,Ngapudaw,76652,4910,16634,12816,27395,10114,59,4036,688,0.064055732401,0.217006731723,0.167197202943,0.35739445807,0.131946981162,0.000769712466733,0.0526535511141,0.00897563012054
MMR017001,MMR017,Ayeyarwady,MMR017D001,Pathein,Pathein,85687,32064,14919,11177,15616,8911,209,2553,238,0.374199120053,0.174110425152,0.130439856688,0.182244681224,0.103994771669,0.00243910978328,0.0297944845776,0.00277755085369
MMR017006,MMR017,Ayeyarwady,MMR017D001,Pathein,Yegyi,50715,6970,15738,5785,17624,839,6,3352,401,0.137434684019,0.310322389825,0.114068815932,0.347510598442,0.0165434289658,0.000118308192842,0.0660948437346,0.0079069308883
MMR017003,MMR017,Ayeyarwady,MMR017D001,Pathein,Thabaung,37237,2197,18006,3169,10281,1473,24,1998,89,0.0590004565352,0.483551306496,0.0851035260628,0.276096355775,0.0395574294385,0.00064452023525,0.0536563095846,0.00239009587238
MMR017025,MMR017,Ayeyarwady,MMR017D006,Pyapon,Kyaiklat,43748,3857,18605,2852,14622,1615,19,2049,129,0.0881640303557,0.425276584072,0.0651915516138,0.334232422054,0.0369159733016,0.000434305568255,0.0468364268081,0.00294870622657
MMR017026,MMR017,Ayeyarwady,MMR017D006,Pyapon,Dedaye,48610,3105,11448,5699,20789,2852,85,4322,310,0.0638757457313,0.235507097305,0.117239251183,0.427669203868,0.0586710553384,0.00174861139683,0.0889117465542,0.00637728862374
MMR017023,MMR017,Ayeyarwady,MMR017D006,Pyapon,Pyapon,69416,10507,12623,10452,27282,4041,39,3774,698,0.151362798202,0.181845683992,0.150570473666,0.393021781722,0.0582142445546,0.000561830125619,0.0543678690792,0.0100553186585
MMR017024,MMR017,Ayeyarwady,MMR017D006,Pyapon,Bogale,75987,6358,14959,13468,30585,4968,42,4918,689,0.0836722070881,0.196862621238,0.177240843829,0.402503059734,0.065379604406,0.000552726124205,0.0647215971153,0.00906734046613
MMR017021,MMR017,Ayeyarwady,MMR017D005,Maubin,Nyaungdon,51201,4296,20797,5697,15069,3313,47,1815,167,0.0839046112381,0.406183472979,0.111267358059,0.294310657995,0.0647057674655,0.000917950821273,0.035448526396,0.0032616550458
MMR017022,MMR017,Ayeyarwady,MMR017D005,Maubin,Danubyu,44797,4167,18066,4731,14136,1696,12,1869,120,0.0930196218497,0.403285934326,0.105609750653,0.315556845324,0.0378596781034,0.000267875080921,0.0417215438534,0.00267875080921
MMR017020,MMR017,Ayeyarwady,MMR017D005,Maubin,Pantanaw,60277,3443,33740,5772,10480,4513,116,2140,73,0.0571196310367,0.559749158054,0.0957579176137,0.173863994558,0.0748710121605,0.00192444879473,0.0355027622476,0.00121107553462
MMR017019,MMR017,Ayeyarwady,MMR017D005,Maubin,Maubin,71804,8957,34617,5822,17065,2515,30,2728,70,0.124742354186,0.482104061055,0.0810818338811,0.237660854548,0.0350259038494,0.00041780402206,0.037992312406,0.000974876051473
MMR017014,MMR017,Ayeyarwady,MMR017D003,Myaungmya,Myaungmya,66172,10318,23970,6539,21016,2481,35,1536,277,0.155926978178,0.362237804509,0.0988182312761,0.317596566524,0.0374931995406,0.000528924620685,0.0232122347821,0.00418606056943
MMR017017,MMR017,Ayeyarwady,MMR017D003,Myaungmya,Wakema,67448,6075,33824,8446,12339,4688,32,1837,207,0.0900693867869,0.501482623651,0.125222393548,0.182940932274,0.0695053967501,0.00047443956826,0.0272357964654,0.00306903095718
MMR017015,MMR017,Ayeyarwady,MMR017D003,Myaungmya,Einme,46455,3269,19761,6105,14008,1877,86,1166,183,0.0703691744699,0.425379399419,0.131417500807,0.301539123883,0.0404046927134,0.00185125390163,0.0250995587127,0.00393929609299
MMR017018,MMR017,Ayeyarwady,MMR017D004,Labutta,Mawlamyinegyun,74886,3761,20760,11981,29677,5078,87,3026,516,0.0502230056352,0.277221376492,0.159989851241,0.396295702802,0.0678097374676,0.00116176588414,0.0404080869588,0.00689047351975
MMR017016,MMR017,Ayeyarwady,MMR017D004,Labutta,Labutta,75583,6450,26778,9686,22624,6412,51,3056,526,0.0853366497757,0.354286016697,0.128150510035,0.299326568144,0.0848338912189,0.000674754905204,0.0404323723589,0.00695923686543
MMR017012,MMR017,Ayeyarwady,MMR017D002,Hinthada,Kyangin,26857,5339,195,8107,8865,1834,17,2220,280,0.198793610604,0.00726067691849,0.301857988606,0.330081542987,0.0682875972745,0.00063298209033,0.082660014149,0.0104255873701
MMR017009,MMR017,Ayeyarwady,MMR017D002,Hinthada,Zalun,42073,5479,12033,7963,13209,1798,22,1263,306,0.1302260357,0.286002899722,0.189266275283,0.313954317496,0.0427352458822,0.00052290067264,0.030019252252,0.00727307299218
MMR017011,MMR017,Ayeyarwady,MMR017D002,Hinthada,Myanaung,59920,8891,2360,24539,14974,6261,168,2274,453,0.1483811749,0.0393858477971,0.409529372497,0.249899866489,0.104489319092,0.00280373831776,0.0379506008011,0.00756008010681
MMR017010,MMR017,Ayeyarwady,MMR017D002,Hinthada,Lemyethna,26244,1320,7275,5085,9578,325,0,2536,125,0.050297210791,0.277206218564,0.193758573388,0.364959609816,0.0123837829599,0.0,0.0966316110349,0.00476299344612
MMR017008,MMR017,Ayeyarwady,MMR017D002,Hinthada,Hinthada,86129,19401,11038,17372,31298,3264,17,3031,708,0.225255140545,0.128156602306,0.201697453819,0.363385154826,0.037896643407,0.000197378351078,0.0351913989481,0.00822022779784
MMR017013,MMR017,Ayeyarwady,MMR017D002,Hinthada,Ingapu,57229,6143,7483,16870,21611,1668,32,2641,781,0.107340683919,0.130755386255,0.294780618218,0.377623232976,0.0291460623111,0.000559157070716,0.0461479319925,0.0136469272572
MMR018003,MMR018,Nay Pyi Taw,MMR018D001,Nay Pyi Taw (North),Tatkon,51747,9394,639,18418,7941,6904,93,7288,1070,0.181537093938,0.0123485419445,0.355924014919,0.153458171488,0.133418362417,0.00179720563511,0.140839082459,0.0206775271996
MMR018001,MMR018,Nay Pyi Taw,MMR018D001,Nay Pyi Taw (North),Zay Yar Thi Ri,26075,15900,78,5597,706,3260,16,373,145,0.609779482263,0.00299137104506,0.214650047939,0.0270757430489,0.125023969319,0.000613614573346,0.0143048897411,0.00556088207095
MMR018008,MMR018,Nay Pyi Taw,MMR018D001,Nay Pyi Taw (North),Oke Ta Ra Thi Ri,18661,5568,117,7456,545,3586,16,1217,156,0.298376292803,0.006269760463,0.399549863351,0.0292052944644,0.192165478806,0.000857403140239,0.0652162263544,0.00835968061733
MMR018005,MMR018,Nay Pyi Taw,MMR018D001,Nay Pyi Taw (North),Poke Ba Thi Ri,27616,13249,102,8483,1125,3809,34,609,205,0.47975811124,0.00369351100811,0.307176998841,0.0407372537659,0.137927288528,0.00123117033604,0.022052433372,0.00742323290846
MMR018006,MMR018,Nay Pyi Taw,MMR018D002,Nay Pyi Taw (South),Pyinmana,39663,25992,84,8446,2025,1431,287,892,506,0.6553210801,0.00211784282581,0.212944053652,0.0510551395507,0.0360789652825,0.00723596298818,0.0224894738169,0.012757481784
MMR018007,MMR018,Nay Pyi Taw,MMR018D002,Nay Pyi Taw (South),Lewe,65174,15882,665,27777,6444,7839,104,4753,1710,0.243686132507,0.0102034553656,0.426197563446,0.0988737840243,0.120278024979,0.00159572835793,0.072927854666,0.0262374566545
MMR018002,MMR018,Nay Pyi Taw,MMR018D002,Nay Pyi Taw (South),Za Bu Thi Ri,26320,23932,12,1975,287,37,1,34,42,0.909270516717,0.000455927051672,0.075037993921,0.0109042553191,0.00140577507599,3.79939209726e-05,0.00129179331307,0.00159574468085
MMR018004,MMR018,Nay Pyi Taw,MMR018D002,Nay Pyi Taw (South),Det Khi Na Thi Ri ,6997,1761,48,3549,318,1022,3,173,123,0.251679291125,0.00686008289267,0.507217378877,0.0454480491639,0.146062598256,0.000428755180792,0.0247248820923,0.0175789624125
